{"cameraMode":{"drawMode":0,"name":"Shaded","section":"Shading Mode"},"sceneLighting":false,"audioPlay":false,"sceneViewState":{"m_AlwaysRefresh":false,"showFog":true,"showSkybox":false,"showFlares":true,"showImageEffects":true,"showParticleSystems":true,"showVisualEffectGraphs":true,"m_FxEnabled":true},"in2DMode":false,"pivot":{"x":-0.4152451157569885,"y":-0.2663298547267914,"z":-2.7402737140655519},"rotation":{"x":0.09399769455194473,"y":0.11831044405698776,"z":-0.011303434148430825,"w":0.988522469997406},"size":0.8033542633056641,"orthographic":false}