{"cameraMode":{"drawMode":0,"name":"Shaded","section":"Shading Mode"},"sceneLighting":true,"audioPlay":false,"sceneViewState":{"m_AlwaysRefresh":false,"showFog":true,"showSkybox":true,"showFlares":true,"showImageEffects":true,"showParticleSystems":true,"showVisualEffectGraphs":true,"m_FxEnabled":true},"in2DMode":false,"pivot":{"x":-4.371089935302734,"y":4.225802898406982,"z":-11.12454891204834},"rotation":{"x":0.18459834158420564,"y":0.018284332007169725,"z":0.0033963099122047426,"w":-0.9826626777648926},"size":10.560015678405762,"orthographic":false}