{"cameraMode":{"drawMode":0,"name":"Shaded","section":"Shading Mode"},"sceneLighting":false,"audioPlay":false,"sceneViewState":{"m_AlwaysRefresh":false,"showFog":true,"showSkybox":false,"showFlares":true,"showImageEffects":true,"showParticleSystems":true,"showVisualEffectGraphs":true,"m_FxEnabled":true},"in2DMode":false,"pivot":{"x":0.17640948295593263,"y":-0.02429097890853882,"z":-0.2915380001068115},"rotation":{"x":-0.13058751821517945,"y":0.49852365255355837,"z":-0.07626711577177048,"w":-0.8535861968994141},"size":2.367647171020508,"orthographic":false}